# decision options: KEEP, CREATE, EXPAND, MERGE, RENAME, DELETE, ADD_TO_BLUEPRINT
source,tab,position,blueprint_name,blueprint_type,blueprint_phase,repo_file,status,word_count,has_title,has_description,brand_violations,decision,notes
BLUEPRINT,HOME,1,Mission Control,landing,Awareness,v2/home/mission-control.mdx,STUB,21,true,true,,,
BLUEPRINT,HOME,2,Livepeer Primer,overview,Awareness,v2/home/primer.mdx,EXISTS,599,true,true,banned:just,,
BLUEPRINT,HOME,2,What You Can Build,overview,Awareness,v2/home/get-started/build-on-livepeer.mdx,STUB,2,true,true,,,
BLUEPRINT,HOME,2,The Livepeer Ecosystem,overview,Awareness,v2/home/about-livepeer/ecosystem.mdx,EXISTS,1871,true,true,banned:just,,
BLUEPRINT,DEVELOPERS,1,Developer Portal,landing,Awareness,v2/developers/portal.mdx,EXISTS,68,true,true,,,
BLUEPRINT,DEVELOPERS,2,AI on Livepeer,overview,Awareness,v2/developers/ai-pipelines/overview.mdx,EXISTS,843,true,true,,,
BLUEPRINT,DEVELOPERS,2,Video on Livepeer,overview,Awareness,v2/developers/quickstart/video/video-streaming.mdx,EXISTS,102,true,true,,,
BLUEPRINT,DEVELOPERS,2,Choose Your Integration Path,concept,Awareness,v2/developers/developer-path.mdx,EXISTS,699,true,true,,,
BLUEPRINT,DEVELOPERS,2,BYOC — Bring Your Own Container,concept,Product,v2/developers/ai-pipelines/byoc.mdx,EXISTS,632,true,true,banned:just,,
BLUEPRINT,DEVELOPERS,3,AI Quickstart,tutorial,Activation,v2/developers/quickstart/ai/ai-jobs.mdx,EXISTS,447,true,true,,,
BLUEPRINT,DEVELOPERS,3,Video Quickstart,tutorial,Activation,v2/developers/quickstart/video/transcoding-jobs.mdx,EXISTS,416,true,true,,,
BLUEPRINT,DEVELOPERS,4,AI Pipeline Guide,how_to,Retention,v2/developers/quickstart/ai/ai-pipelines.mdx,EXISTS,142,true,true,,,
BLUEPRINT,DEVELOPERS,4,Video Integration Guide,how_to,Retention,,MISSING,0,false,false,,,
BLUEPRINT,DEVELOPERS,4,Production Integration Guide,how_to,Retention,,MISSING,0,false,false,,,
BLUEPRINT,DEVELOPERS,4,Studio Migration Guide,how_to,Retention,,MISSING,0,false,false,,,
BLUEPRINT,DEVELOPERS,5,Outgrowing Hosted? Run Your Own Gateway,guide,Product,v2/gateways/run-a-gateway/why-run-a-gateway.mdx,EXISTS,620,true,true,banned:just; banned:leverage,,
BLUEPRINT,DEVELOPERS,5,Builder Opportunities,overview,Referral,v2/developers/builder-opportunities/overview.mdx,EXISTS,359,true,true,,,
BLUEPRINT,DEVELOPERS,5,Grants & Programmes,reference,Referral,v2/developers/builder-opportunities/grants-and-programmes.mdx,EXISTS,983,true,true,,,
BLUEPRINT,DEVELOPERS,5,Bug Bounties,reference,Referral,v2/developers/builder-opportunities/bug-bounties.mdx,EXISTS,721,true,true,deprecated:broadcaster->gateway,,
BLUEPRINT,DEVELOPERS,6,AI Model & Pipeline Support,reference,Awareness,v2/developers/ai-pipelines/model-support.mdx,EXISTS,311,true,true,,,
BLUEPRINT,DEVELOPERS,6,Developer Troubleshooting,troubleshooting,Product,v2/developers/guides-and-resources/developer-help.mdx,STUB,24,true,true,,,
BLUEPRINT,SOLUTIONS,1,Solutions Portal,landing,Awareness,v2/solutions/portal.mdx,PLACEHOLDER,165,true,true,banned:simply,,
BLUEPRINT,SOLUTIONS,2,Platform Comparison,overview,Awareness,,MISSING,0,false,false,,,
BLUEPRINT,SOLUTIONS,2,Studio Overview,overview,Awareness,v2/solutions/livepeer-studio/overview.mdx,EXISTS,287,true,true,,,
BLUEPRINT,SOLUTIONS,2,Daydream Overview,overview,Awareness,v2/solutions/daydream/overview.mdx,EXISTS,180,true,true,,,
BLUEPRINT,SOLUTIONS,3,Studio Quickstart,tutorial,Activation,v2/solutions/livepeer-studio/quickstart.mdx,EXISTS,271,true,true,,,
BLUEPRINT,SOLUTIONS,3,Daydream Quickstart,tutorial,Activation,v2/solutions/daydream/quickstart.mdx,EXISTS,231,true,true,,,
BLUEPRINT,SOLUTIONS,4,Studio Guides,how_to,Retention,,MISSING,0,false,false,,,
BLUEPRINT,SOLUTIONS,4,Daydream Guides,how_to,Retention,,MISSING,0,false,false,,,
BLUEPRINT,SOLUTIONS,6,Studio API Reference,reference,Product,v2/solutions/livepeer-studio/reference/overview.mdx,EXISTS,198,true,true,,,
BLUEPRINT,SOLUTIONS,6,Daydream API Reference,reference,Product,,MISSING,0,false,false,,,
BLUEPRINT,SOLUTIONS,6,Studio SDKs,reference,Product,v2/solutions/livepeer-studio/reference/sdks.mdx,EXISTS,140,true,true,,,
BLUEPRINT,SOLUTIONS,6,Daydream SDKs,reference,Product,,MISSING,0,false,false,,,
BLUEPRINT,GATEWAYS,1,Gateways Portal,landing,Awareness,v2/gateways/gateways-portal.mdx,EXISTS,72,true,true,banned:just; deprecated:broadcaster->gateway,,
BLUEPRINT,GATEWAYS,2,What is a Gateway?,overview,Awareness,v2/gateways/about/explainer.mdx,EXISTS,603,true,true,banned:just; deprecated:broadcaster->gateway,,
BLUEPRINT,GATEWAYS,2,Gateway Requirements & Economics,concept,Awareness,v2/gateways/about/economics.mdx,EXISTS,615,true,true,,,
BLUEPRINT,GATEWAYS,3,Gateway Quickstart,tutorial,Activation,v2/gateways/quickstart/gateway-setup.mdx,EXISTS,314,true,true,,,
BLUEPRINT,GATEWAYS,4,Going Live — Marketplace & Pricing,how_to,Revenue,v2/gateways/run-a-gateway/connect/lp-marketplace.mdx,EXISTS,119,true,true,,,
BLUEPRINT,GATEWAYS,4,Gateway Operations Guide,how_to,Retention,v2/gateways/run-a-gateway/run-a-gateway.mdx,EXISTS,176,true,true,banned:just,,
BLUEPRINT,GATEWAYS,4,Gateway Payment & Economics,concept,Revenue,v2/gateways/payments/overview.mdx,STUB,27,true,true,,,
BLUEPRINT,GATEWAYS,5,Public Gateway Providers,guide,Awareness,v2/gateways/using-gateways/choosing-a-gateway.mdx,EXISTS,492,true,true,,,
BLUEPRINT,GATEWAYS,5,Using Cloud SPE Gateway,guide,Acquisition,v2/gateways/using-gateways/gateway-providers/cloud-spe-gateway.mdx,EXISTS,701,true,true,,,
BLUEPRINT,GATEWAYS,5,Using Daydream Gateway,guide,Acquisition,v2/gateways/using-gateways/gateway-providers/daydream-gateway.mdx,EXISTS,622,true,true,,,
BLUEPRINT,GATEWAYS,5,Using Studio Gateway,guide,Acquisition,v2/gateways/using-gateways/gateway-providers/livepeer-studio-gateway.mdx,EXISTS,460,true,true,deprecated:broadcaster->gateway,,
BLUEPRINT,GATEWAYS,6,CLI Reference,reference,Product,v2/gateways/references/cli-commands.mdx,EXISTS,518,true,true,deprecated:broadcaster->gateway,,
BLUEPRINT,GATEWAYS,6,Configuration Flags,reference,Product,v2/gateways/references/configuration-flags.mdx,EXISTS,758,true,true,deprecated:broadcaster->gateway,,
BLUEPRINT,GATEWAYS,6,Hardware Requirements,reference,Acquisition,v2/gateways/references/go-livepeer/hardware-requirements.mdx,PLACEHOLDER,151,true,false,deprecated:miner->orchestrator,,
BLUEPRINT,GATEWAYS,6,Prometheus Metrics,reference,Retention,v2/gateways/references/go-livepeer/prometheus-metrics.mdx,EXISTS,825,true,false,,,
BLUEPRINT,GATEWAYS,6,AI API Reference,reference,Product,v2/gateways/references/api-reference/AI-API/ai.mdx,EXISTS,166,true,true,,,
BLUEPRINT,GATEWAYS,6,Gateway Troubleshooting,troubleshooting,Product,v2/gateways/run-a-gateway/monitor/monitor-and-optimise.mdx,EXISTS,313,true,true,,,
BLUEPRINT,GATEWAYS,6,Gateway FAQ,faq,Product,v2/gateways/guides-and-resources/faq.mdx,EXISTS,764,true,true,deprecated:broadcaster->gateway,,
BLUEPRINT,GPU NODES,1,GPU Nodes Portal,landing,Awareness,v2/orchestrators/orchestrators-portal.mdx,EXISTS,116,true,true,banned:just,,
BLUEPRINT,GPU NODES,2,What is an Orchestrator?,overview,Awareness,v2/orchestrators/about-orchestrators/overview.mdx,EXISTS,350,true,false,banned:simply; banned:just,,
BLUEPRINT,GPU NODES,2,Orchestrator Requirements & Economics,concept,Awareness,v2/orchestrators/about-orchestrators/economics.mdx,EXISTS,289,true,false,,,
BLUEPRINT,GPU NODES,3,Join a Pool,tutorial,Activation,v2/orchestrators/quickstart/join-a-pool.mdx,EXISTS,1061,true,true,,,
BLUEPRINT,GPU NODES,3,Orchestrator Quickstart,tutorial,Activation,v2/orchestrators/quickstart/orchestrator-setup.mdx,EXISTS,176,true,true,,,
BLUEPRINT,GPU NODES,4,Configuring AI on Your Orchestrator,how_to,Retention,v2/orchestrators/advanced-setup/ai-pipelines.mdx,EXISTS,128,true,true,,,
BLUEPRINT,GPU NODES,4,Model Curation Strategy,guide,Revenue,v2/orchestrators/advanced-setup/hosting-models.mdx,EXISTS,733,true,true,,,
BLUEPRINT,GPU NODES,4,Orchestrator Earnings & Optimisation,guide,Revenue,v2/orchestrators/earnings.mdx,EXISTS,891,true,true,,,
BLUEPRINT,GPU NODES,6,Hardware Requirements,reference,Acquisition,v2/orchestrators/setting-up-an-orchestrator/hardware-requirements.mdx,EXISTS,158,true,true,,,
BLUEPRINT,GPU NODES,6,CLI Flags Reference,reference,Product,v2/orchestrators/references/cli-flags.mdx,EXISTS,225,true,true,,,
BLUEPRINT,GPU NODES,6,Orchestrator Troubleshooting,troubleshooting,Product,,MISSING,0,false,false,,,
BLUEPRINT,GPU NODES,6,Orchestrator FAQ,faq,Product,v2/orchestrators/references/faq.mdx,EXISTS,398,true,true,,,
BLUEPRINT,LP TOKEN,1,LPT Portal,landing,Awareness,v2/lpt/token-portal.mdx,EXISTS,89,true,true,,,
BLUEPRINT,LP TOKEN,2,What is Delegation?,overview,Awareness,v2/lpt/delegation/overview.mdx,EXISTS,509,true,true,,,
BLUEPRINT,LP TOKEN,2,Delegation Economics,concept,Revenue,v2/lpt/delegation/delegation-economics.mdx,STUB,13,true,true,,,
BLUEPRINT,LP TOKEN,3,Delegate Your LPT,tutorial,Activation,v2/lpt/delegation/getting-started.mdx,EXISTS,970,true,true,banned:just,,
BLUEPRINT,LP TOKEN,4,Getting LPT,how_to,Acquisition,v2/lpt/resources/exchanges.mdx,EXISTS,434,true,true,,,
BLUEPRINT,LP TOKEN,4,Choosing an Orchestrator,guide,Acquisition,v2/lpt/delegation/about-delegators.mdx,EXISTS,608,true,true,,,
BLUEPRINT,LP TOKEN,4,Managing Your Delegation,how_to,Retention,v2/lpt/delegation/delegation-guide.mdx,EXISTS,509,true,true,,,
BLUEPRINT,LP TOKEN,5,Livepeer Governance,overview,Referral,v2/lpt/governance/overview.mdx,EXISTS,648,true,true,,,
BLUEPRINT,LP TOKEN,5,Treasury & Proposals,how_to,Referral,v2/lpt/treasury/overview.mdx,EXISTS,404,true,true,,,
BLUEPRINT,LP TOKEN,6,Delegator FAQ & Troubleshooting,faq,Product,,MISSING,0,false,false,,,
BLUEPRINT,COMMUNITY,1,Community Portal,landing,Awareness,v2/community/community-portal.mdx,EXISTS,195,true,true,,,
BLUEPRINT,COMMUNITY,2,Contributing to Livepeer,overview,Acquisition,v2/community/livepeer-contribute/contribute.mdx,STUB,20,true,true,,,
BLUEPRINT,COMMUNITY,3,Your First Contribution,tutorial,Activation,v2/developers/guides-and-tools/contribution-guide.mdx,EXISTS,1038,true,true,deprecated:broadcaster->gateway,,
BLUEPRINT,COMMUNITY,4,Community Channels & Events,guide,Retention,v2/community/livepeer-connect/events-and-community-streams.mdx,STUB,27,true,true,,,
BLUEPRINT,COMMUNITY,5,"Grants, Bounties & Programmes",reference,Referral,v2/community/livepeer-contribute/opportunities.mdx,STUB,21,true,true,,,
BLUEPRINT,COMMUNITY,6,Community FAQ,faq,Product,v2/community/faq.mdx,EXISTS,706,true,true,,,
BLUEPRINT,ABOUT,2,Protocol Overview,concept,Product,v2/about/livepeer-network/overview.mdx,EXISTS,238,true,true,deprecated:broadcaster->gateway,,
BLUEPRINT,ABOUT,2,Core Mechanisms,concept,Product,v2/about/livepeer-network/fee-flow.mdx,STUB,18,true,true,,,
BLUEPRINT,ABOUT,2,Network Architecture,concept,Product,v2/about/livepeer-network/actors.mdx,EXISTS,639,true,true,banned:simply; deprecated:broadcaster->gateway,,
BLUEPRINT,ABOUT,2,The Marketplace,concept,Revenue,v2/about/livepeer-network/marketplace.mdx,EXISTS,448,true,true,,,
BLUEPRINT,ABOUT,2,Protocol Economics,concept,Revenue,v2/about/livepeer-network/scaling.mdx,STUB,24,true,true,,,
BLUEPRINT,ABOUT,6,Glossary,glossary,Product,v2/resources/livepeer-glossary.mdx,EXISTS,1921,true,true,deprecated:broadcaster->gateway,,
BLUEPRINT,RESOURCE HUB,1,Resource Portal,landing,Product,v2/resources/resources-portal.mdx,STUB,10,true,true,,,
BLUEPRINT,RESOURCE HUB,5,Documentation Guide,guide,Product,v2/resources/documentation-guide/documentation-guide.mdx,EXISTS,807,true,true,banned:just,,
BLUEPRINT,RESOURCE HUB,5,Style Guide,guide,Referral,v2/resources/documentation-guide/style-guide.mdx,EXISTS,3322,true,true,banned:just,,
BLUEPRINT,RESOURCE HUB,5,Contributing to the Docs,guide,Referral,v2/resources/documentation-guide/contribute-to-the-docs.mdx,EXISTS,1993,true,true,banned:just,,
BLUEPRINT,RESOURCE HUB,5,Component Library,guide,Product,v2/resources/documentation-guide/snippets-inventory.mdx,PLACEHOLDER,774,true,true,,,
BLUEPRINT,RESOURCE HUB,6,Changelog,reference,Retention,v2/resources/changelog/changelog.mdx,EXISTS,393,false,false,,,
REPO_ONLY,ABOUT,,,,,v2/about/core-concepts.mdx,EXISTS,595,true,true,deprecated:broadcaster->gateway,,
REPO_ONLY,ABOUT,,,,,v2/about/core-concepts/concepts/actors.mdx,EXISTS,386,true,true,banned:leverage; deprecated:broadcaster->gateway,,
REPO_ONLY,ABOUT,,,,,v2/about/faq-about.mdx,PLACEHOLDER,2200,true,true,banned:just; deprecated:broadcaster->gateway,,
REPO_ONLY,ABOUT,,,,,v2/about/index.mdx,EXISTS,96,true,true,,,
REPO_ONLY,ABOUT,,,,,v2/about/livepeer-network/demand-side.mdx,STUB,20,true,true,,,
REPO_ONLY,ABOUT,,,,,v2/about/livepeer-network/interfaces.mdx,EXISTS,282,true,true,,,
REPO_ONLY,ABOUT,,,,,v2/about/livepeer-network/job-lifecycle.mdx,EXISTS,725,true,true,deprecated:broadcaster->gateway,,
REPO_ONLY,ABOUT,,,,,v2/about/livepeer-network/livepeer-actors/delegators.mdx,EXISTS,145,true,true,,,
REPO_ONLY,ABOUT,,,,,v2/about/livepeer-network/livepeer-actors/end-users.mdx,EXISTS,124,true,true,,,
REPO_ONLY,ABOUT,,,,,v2/about/livepeer-network/livepeer-actors/gateways.mdx,EXISTS,153,true,true,,,
REPO_ONLY,ABOUT,,,,,v2/about/livepeer-network/livepeer-actors/orchestrators.mdx,EXISTS,153,true,true,,,
REPO_ONLY,ABOUT,,,,,v2/about/livepeer-network/supply-side.mdx,STUB,17,true,true,,,
REPO_ONLY,ABOUT,,,,,v2/about/livepeer-network/technical-architecture.mdx,EXISTS,390,true,true,,,
REPO_ONLY,ABOUT,,,,,v2/about/livepeer-overview.mdx,EXISTS,1092,true,true,banned:just; deprecated:broadcaster->gateway,,
REPO_ONLY,ABOUT,,,,,v2/about/livepeer-protocol/core-mechanisms.mdx,EXISTS,1813,true,true,banned:leverage; banned:seamless; deprecated:broadcaster->gateway; deprecated:miner->orchestrator,,
REPO_ONLY,ABOUT,,,,,v2/about/livepeer-protocol/economics.mdx,EXISTS,781,true,false,deprecated:broadcaster->gateway,,
REPO_ONLY,ABOUT,,,,,v2/about/livepeer-protocol/governance-model.mdx,EXISTS,1070,true,true,,,
REPO_ONLY,ABOUT,,,,,v2/about/livepeer-protocol/livepeer-token.mdx,PLACEHOLDER,841,true,true,banned:just; deprecated:broadcaster->gateway,,
REPO_ONLY,ABOUT,,,,,v2/about/livepeer-protocol/overview.mdx,EXISTS,893,true,true,deprecated:broadcaster->gateway,,
REPO_ONLY,ABOUT,,,,,v2/about/livepeer-protocol/technical-architecture.mdx,EXISTS,117,true,true,deprecated:broadcaster->gateway,,
REPO_ONLY,ABOUT,,,,,v2/about/livepeer-protocol/treasury.mdx,EXISTS,701,true,true,deprecated:broadcaster->gateway,,
REPO_ONLY,ABOUT,,,,,v2/about/mental-model.mdx,EXISTS,1428,true,true,deprecated:broadcaster->gateway,,
REPO_ONLY,ABOUT,,,,,v2/about/portal.mdx,EXISTS,104,true,true,deprecated:broadcaster->gateway,,
REPO_ONLY,ABOUT,,,,,v2/about/resources/blockchain-contracts.mdx,EXISTS,173,true,true,deprecated:broadcaster->gateway,,
REPO_ONLY,ABOUT,,,,,v2/about/resources/gateways-vs-orchestrators.mdx,EXISTS,184,true,true,,,
REPO_ONLY,ABOUT,,,,,v2/about/resources/livepeer-glossary.mdx,EXISTS,1533,true,true,deprecated:broadcaster->gateway,,
REPO_ONLY,ABOUT,,,,,v2/about/resources/livepeer-whitepaper.mdx,EXISTS,415,true,false,deprecated:broadcaster->gateway,,
REPO_ONLY,ABOUT,,,,,v2/about/resources/technical-roadmap.mdx,STUB,6,false,false,,,
REPO_ONLY,COMMUNITY,,,,,v2/community/_move_me/livepeer-hubs/livepeer-builder-hub.mdx,STUB,4,false,false,,,
REPO_ONLY,COMMUNITY,,,,,v2/community/_move_me/livepeer-hubs/livepeer-partner-hub.mdx,STUB,17,false,false,,,
REPO_ONLY,COMMUNITY,,,,,v2/community/_move_me/livepeer-partners/livepeer-builder-hub.mdx,STUB,4,false,false,,,
REPO_ONLY,COMMUNITY,,,,,v2/community/_move_me/livepeer-partners/livepeer-partner-hub.mdx,STUB,17,false,false,,,
REPO_ONLY,COMMUNITY,,,,,v2/community/index.mdx,EXISTS,79,true,true,,,
REPO_ONLY,COMMUNITY,,,,,v2/community/livepeer-community/community-guidelines.mdx,EXISTS,1746,true,true,banned:just; banned:easily,,
REPO_ONLY,COMMUNITY,,,,,v2/community/livepeer-community/governance-and-foundation.mdx,EXISTS,1486,true,true,banned:best-in-class,,
REPO_ONLY,COMMUNITY,,,,,v2/community/livepeer-community/livepeer-latest-topics.mdx,EXISTS,226,true,true,,,
REPO_ONLY,COMMUNITY,,,,,v2/community/livepeer-community/roadmap.mdx,EXISTS,71,true,true,,,
REPO_ONLY,COMMUNITY,,,,,v2/community/livepeer-community/trending-topics.mdx,EXISTS,62,true,true,,,
REPO_ONLY,COMMUNITY,,,,,v2/community/livepeer-connect/forums-and-discussions.mdx,EXISTS,617,true,true,,,
REPO_ONLY,COMMUNITY,,,,,v2/community/livepeer-connect/news-and-socials.mdx,STUB,6,true,true,,,
REPO_ONLY,COMMUNITY,,,,,v2/community/livepeer-contribute/build-livepeer.mdx,STUB,21,true,true,,,
REPO_ONLY,COMMUNITY,,,,,v2/community/resources/awesome-livepeer.mdx,EXISTS,950,true,true,,,
REPO_ONLY,COMMUNITY,,,,,v2/community/resources/dashboards.mdx,STUB,27,true,true,,,
REPO_ONLY,COMMUNITY,,,,,v2/community/resources/guides.mdx,EXISTS,398,true,true,deprecated:broadcaster->gateway,,
REPO_ONLY,DEVELOPERS,,,,,v2/developers/ai-inference-on-livepeer/overview.mdx,PLACEHOLDER,332,true,true,,,
REPO_ONLY,DEVELOPERS,,,,,v2/developers/ai-inference-on-livepeer/workload-fit.mdx,PLACEHOLDER,678,true,true,,,
REPO_ONLY,DEVELOPERS,,,,,v2/developers/ai-pipelines/comfystream.mdx,EXISTS,207,true,true,,,
REPO_ONLY,DEVELOPERS,,,,,v2/developers/ai-pipelines/workload-fit.mdx,EXISTS,675,true,true,,,
REPO_ONLY,DEVELOPERS,,,,,v2/developers/builder-opportunities/livepeer-rfps.mdx,STUB,13,true,false,,,
REPO_ONLY,DEVELOPERS,,,,,v2/developers/builder-opportunities/oss-contributions.mdx,EXISTS,1128,true,true,deprecated:broadcaster->gateway,,
REPO_ONLY,DEVELOPERS,,,,,v2/developers/builder-opportunities/rfps-and-proposals.mdx,EXISTS,920,true,true,,,
REPO_ONLY,DEVELOPERS,,,,,v2/developers/building-on-livepeer/quick-starts/README.mdx,STUB,3,false,false,,,
REPO_ONLY,DEVELOPERS,,,,,v2/developers/developer-guide.mdx,EXISTS,185,true,true,,,
REPO_ONLY,DEVELOPERS,,,,,v2/developers/developer-journey.mdx,EXISTS,647,true,true,banned:leverage,,
REPO_ONLY,DEVELOPERS,,,,,v2/developers/developer-platforms/all-ecosystem/ecosystem-products.mdx,STUB,0,false,false,,,
REPO_ONLY,DEVELOPERS,,,,,v2/developers/developer-platforms/builder-hub.mdx,EXISTS,474,true,true,,,
REPO_ONLY,DEVELOPERS,,,,,v2/developers/developer-platforms/daydream/daydream.mdx,STUB,2,false,false,,,
REPO_ONLY,DEVELOPERS,,,,,v2/developers/developer-platforms/frameworks/frameworks.mdx,STUB,4,false,false,,,
REPO_ONLY,DEVELOPERS,,,,,v2/developers/developer-platforms/livepeer-studio/livepeer-studio.mdx,STUB,3,false,false,,,
REPO_ONLY,DEVELOPERS,,,,,v2/developers/developer-platforms/streamplace/streamplace-architecture.mdx,EXISTS,399,true,true,deprecated:broadcaster->gateway,,
REPO_ONLY,DEVELOPERS,,,,,v2/developers/developer-platforms/streamplace/streamplace-funding-model.mdx,EXISTS,283,true,true,,,
REPO_ONLY,DEVELOPERS,,,,,v2/developers/developer-platforms/streamplace/streamplace-guide.mdx,EXISTS,229,true,true,deprecated:broadcaster->gateway,,
REPO_ONLY,DEVELOPERS,,,,,v2/developers/developer-platforms/streamplace/streamplace-integration.mdx,EXISTS,270,true,true,banned:seamless; deprecated:broadcaster->gateway,,
REPO_ONLY,DEVELOPERS,,,,,v2/developers/developer-platforms/streamplace/streamplace-provenance.mdx,EXISTS,385,true,true,,,
REPO_ONLY,DEVELOPERS,,,,,v2/developers/developer-platforms/streamplace/streamplace.mdx,EXISTS,143,true,true,,,
REPO_ONLY,DEVELOPERS,,,,,v2/developers/developer-tools/dashboards.mdx,EXISTS,214,true,true,,,
REPO_ONLY,DEVELOPERS,,,,,v2/developers/developer-tools/external-tooling.mdx,STUB,7,false,false,,,
REPO_ONLY,DEVELOPERS,,,,,v2/developers/developer-tools/gateways.mdx,STUB,2,false,false,,,
REPO_ONLY,DEVELOPERS,,,,,v2/developers/developer-tools/livepeer-cloud.mdx,EXISTS,213,true,true,banned:easily; deprecated:broadcaster->gateway,,
REPO_ONLY,DEVELOPERS,,,,,v2/developers/developer-tools/livepeer-explorer.mdx,EXISTS,248,true,true,,,
REPO_ONLY,DEVELOPERS,,,,,v2/developers/developer-tools/tooling-hub.mdx,STUB,45,true,true,,,
REPO_ONLY,DEVELOPERS,,,,,v2/developers/guides-and-resources/contribution-guide.mdx,STUB,4,true,false,,,
REPO_ONLY,DEVELOPERS,,,,,v2/developers/guides-and-resources/developer-guides.mdx,STUB,3,true,true,,,
REPO_ONLY,DEVELOPERS,,,,,v2/developers/guides-and-resources/resources.mdx,STUB,2,true,true,,,
REPO_ONLY,DEVELOPERS,,,,,v2/developers/guides-and-tools/developer-guides.mdx,EXISTS,945,true,true,banned:seamless,,
REPO_ONLY,DEVELOPERS,,,,,v2/developers/guides-and-tools/developer-help.mdx,EXISTS,1142,true,true,deprecated:broadcaster->gateway,,
REPO_ONLY,DEVELOPERS,,,,,v2/developers/guides-and-tools/resources.mdx,EXISTS,1000,true,true,,,
REPO_ONLY,DEVELOPERS,,,,,v2/developers/guides/partner-integrations.mdx,EXISTS,432,true,true,,,
REPO_ONLY,DEVELOPERS,,,,,v2/developers/index.mdx,EXISTS,206,true,true,,,
REPO_ONLY,DEVELOPERS,,,,,v2/developers/journey-mapping.mdx,EXISTS,138,true,true,banned:just,,
REPO_ONLY,DEVELOPERS,,,,,v2/developers/livepeer-real-time-video/page-1.mdx,STUB,3,false,false,,,
REPO_ONLY,DEVELOPERS,,,,,v2/developers/livepeer-real-time-video/video-streaming-on-livepeer/frameworks-spe.mdx,STUB,3,false,false,,,
REPO_ONLY,DEVELOPERS,,,,,v2/developers/livepeer-real-time-video/video-streaming-on-livepeer/README.mdx,STUB,5,false,false,,,
REPO_ONLY,DEVELOPERS,,,,,v2/developers/livepeer-real-time-video/video-streaming-on-livepeer/streamdiffusion.mdx,STUB,2,false,false,,,
REPO_ONLY,DEVELOPERS,,,,,v2/developers/livepeer-real-time-video/video-streaming-on-livepeer/video-streaming-101.mdx,PLACEHOLDER,952,true,true,deprecated:broadcaster->gateway,,
REPO_ONLY,DEVELOPERS,,,,,v2/developers/moved-to-about-livepeer-protocol/livepeer-actors/delegators.mdx,STUB,2,false,false,,,
REPO_ONLY,DEVELOPERS,,,,,v2/developers/moved-to-about-livepeer-protocol/livepeer-actors/end-users.mdx,STUB,3,false,false,,,
REPO_ONLY,DEVELOPERS,,,,,v2/developers/moved-to-about-livepeer-protocol/livepeer-actors/gateways.mdx,STUB,2,false,false,,,
REPO_ONLY,DEVELOPERS,,,,,v2/developers/moved-to-about-livepeer-protocol/livepeer-actors/orchestrators.mdx,STUB,2,false,false,,,
REPO_ONLY,DEVELOPERS,,,,,v2/developers/moved-to-about-livepeer-protocol/livepeer-actors/README.mdx,STUB,3,false,false,,,
REPO_ONLY,DEVELOPERS,,,,,v2/developers/moved-to-about-livepeer-protocol/livepeer-governance.mdx,STUB,15,false,false,,,
REPO_ONLY,DEVELOPERS,,,,,v2/developers/moved-to-about-livepeer-protocol/livepeer-protocol/livepeer-whitepaper.mdx,STUB,3,false,false,,,
REPO_ONLY,DEVELOPERS,,,,,v2/developers/moved-to-about-livepeer-protocol/livepeer-protocol/README.mdx,EXISTS,119,true,false,deprecated:broadcaster->gateway,,
REPO_ONLY,DEVELOPERS,,,,,v2/developers/moved-to-about-livepeer-protocol/livepeer-protocol/technical-overview.mdx,STUB,3,false,false,,,
REPO_ONLY,DEVELOPERS,,,,,v2/developers/moved-to-about-livepeer-protocol/livepeer-token-economics.mdx,EXISTS,189,true,false,deprecated:broadcaster->gateway,,
REPO_ONLY,DEVELOPERS,,,,,v2/developers/moved-to-about-livepeer-protocol/technical-roadmap.mdx,STUB,3,false,false,,,
REPO_ONLY,DEVELOPERS,,,,,v2/developers/quickstart/video/video-streaming-101.mdx,PLACEHOLDER,952,true,true,deprecated:broadcaster->gateway,,
REPO_ONLY,DEVELOPERS,,,,,v2/developers/technical-references/apis.mdx,EXISTS,82,true,true,,,
REPO_ONLY,DEVELOPERS,,,,,v2/developers/technical-references/awesome-livepeer.mdx,STUB,21,true,false,,,
REPO_ONLY,DEVELOPERS,,,,,v2/developers/technical-references/deepwiki.mdx,EXISTS,84,true,false,,,
REPO_ONLY,DEVELOPERS,,,,,v2/developers/technical-references/sdks.mdx,EXISTS,75,true,true,,,
REPO_ONLY,DEVELOPERS,,,,,v2/developers/technical-references/wiki.mdx,STUB,18,true,false,,,
REPO_ONLY,DEVELOPERS,,,,,v2/developers/x-unstaged/developer-tools/external-tooling.mdx,STUB,7,false,false,,,
REPO_ONLY,DEVELOPERS,,,,,v2/developers/x-unstaged/developer-tools/livepeer-cloud.mdx,EXISTS,213,true,true,banned:easily; deprecated:broadcaster->gateway,,
REPO_ONLY,DEVELOPERS,,,,,v2/developers/x-unstaged/developer-tools/livepeer-explorer.mdx,EXISTS,248,true,true,,,
REPO_ONLY,DEVELOPERS,,,,,v2/developers/x-unstaged/developer-tools/tooling-hub.mdx,STUB,45,true,true,,,
REPO_ONLY,DEVELOPERS,,,,,v2/developers/x-unstaged/partner-integrations.mdx,EXISTS,432,true,true,,,
REPO_ONLY,GATEWAYS,,,,,v2/gateways/_contextData_/docker-install-implementation.mdx,PLACEHOLDER,431,true,true,,,
REPO_ONLY,GATEWAYS,,,,,v2/gateways/_contextData_/docker-install.mdx,EXISTS,641,true,true,deprecated:broadcaster->gateway,,
REPO_ONLY,GATEWAYS,,,,,v2/gateways/about/architecture.mdx,STUB,19,true,true,,,
REPO_ONLY,GATEWAYS,,,,,v2/gateways/about/functions.mdx,EXISTS,291,true,true,,,
REPO_ONLY,GATEWAYS,,,,,v2/gateways/about/overview.mdx,STUB,49,true,true,,,
REPO_ONLY,GATEWAYS,,,,,v2/gateways/about/quickstart.mdx,STUB,22,true,true,banned:just,,
REPO_ONLY,GATEWAYS,,,,,v2/gateways/gateway-tools/explorer.mdx,PLACEHOLDER,59,true,true,,,
REPO_ONLY,GATEWAYS,,,,,v2/gateways/gateway-tools/gateway-middleware.mdx,STUB,7,true,true,,,
REPO_ONLY,GATEWAYS,,,,,v2/gateways/gateway-tools/livepeer-tools.mdx,PLACEHOLDER,88,true,true,,,
REPO_ONLY,GATEWAYS,,,,,v2/gateways/guides-and-resources/community-guides.mdx,STUB,22,true,true,,,
REPO_ONLY,GATEWAYS,,,,,v2/gateways/guides-and-resources/community-projects.mdx,STUB,32,true,true,,,
REPO_ONLY,GATEWAYS,,,,,v2/gateways/guides-and-resources/gateway-job-pipelines/byoc.mdx,EXISTS,198,true,true,,,
REPO_ONLY,GATEWAYS,,,,,v2/gateways/guides-and-resources/gateway-job-pipelines/overview.mdx,EXISTS,160,true,true,,,
REPO_ONLY,GATEWAYS,,,,,v2/gateways/index.mdx,EXISTS,232,true,true,,,
REPO_ONLY,GATEWAYS,,,,,v2/gateways/payments/how-payments-work.mdx,EXISTS,627,true,true,,,
REPO_ONLY,GATEWAYS,,,,,v2/gateways/payments/payment-clearinghouse.mdx,EXISTS,486,true,true,,,
REPO_ONLY,GATEWAYS,,,,,v2/gateways/payments/remote-signers.mdx,EXISTS,822,true,true,banned:seamless,,
REPO_ONLY,GATEWAYS,,,,,v2/gateways/quickstart/AI-prompt.mdx,EXISTS,86,true,true,deprecated:broadcaster->gateway,,
REPO_ONLY,GATEWAYS,,,,,v2/gateways/references/api-reference/_delete-all-api.mdx,EXISTS,147,true,true,,,
REPO_ONLY,GATEWAYS,,,,,v2/gateways/references/api-reference/AI-API/audio-to-text.mdx,STUB,35,false,true,,,
REPO_ONLY,GATEWAYS,,,,,v2/gateways/references/api-reference/AI-API/hardware-info.mdx,STUB,34,false,true,,,
REPO_ONLY,GATEWAYS,,,,,v2/gateways/references/api-reference/AI-API/hardware-stats.mdx,STUB,31,false,true,,,
REPO_ONLY,GATEWAYS,,,,,v2/gateways/references/api-reference/AI-API/health.mdx,STUB,32,false,true,,,
REPO_ONLY,GATEWAYS,,,,,v2/gateways/references/api-reference/AI-API/image-to-image.mdx,STUB,36,false,true,,,
REPO_ONLY,GATEWAYS,,,,,v2/gateways/references/api-reference/AI-API/image-to-text.mdx,STUB,35,false,true,,,
REPO_ONLY,GATEWAYS,,,,,v2/gateways/references/api-reference/AI-API/image-to-video.mdx,STUB,18,false,false,,,
REPO_ONLY,GATEWAYS,,,,,v2/gateways/references/api-reference/AI-API/live-video-to-video.mdx,STUB,19,false,false,,,
REPO_ONLY,GATEWAYS,,,,,v2/gateways/references/api-reference/AI-API/llm.mdx,STUB,16,false,false,,,
REPO_ONLY,GATEWAYS,,,,,v2/gateways/references/api-reference/AI-API/segment-anything-2.mdx,STUB,18,false,false,,,
REPO_ONLY,GATEWAYS,,,,,v2/gateways/references/api-reference/AI-API/text-to-image.mdx,STUB,18,false,false,,,
REPO_ONLY,GATEWAYS,,,,,v2/gateways/references/api-reference/AI-API/text-to-speech.mdx,STUB,18,false,false,,,
REPO_ONLY,GATEWAYS,,,,,v2/gateways/references/api-reference/AI-API/upscale.mdx,STUB,16,false,false,,,
REPO_ONLY,GATEWAYS,,,,,v2/gateways/references/api-reference/ai-worker-api.mdx,EXISTS,150,true,true,,,
REPO_ONLY,GATEWAYS,,,,,v2/gateways/references/api-reference/AI-Worker/ai-worker-api.mdx,EXISTS,150,true,true,,,
REPO_ONLY,GATEWAYS,,,,,v2/gateways/references/api-reference/CLI-HTTP/activateorchestrator.mdx,STUB,16,false,false,,,
REPO_ONLY,GATEWAYS,,,,,v2/gateways/references/api-reference/CLI-HTTP/bond.mdx,STUB,16,false,false,,,
REPO_ONLY,GATEWAYS,,,,,v2/gateways/references/api-reference/CLI-HTTP/cli-http-api.mdx,EXISTS,236,true,true,deprecated:broadcaster->gateway,,
REPO_ONLY,GATEWAYS,,,,,v2/gateways/references/api-reference/CLI-HTTP/protocolparameters.mdx,STUB,16,false,false,,,
REPO_ONLY,GATEWAYS,,,,,v2/gateways/references/api-reference/CLI-HTTP/rebond.mdx,STUB,16,false,false,,,
REPO_ONLY,GATEWAYS,,,,,v2/gateways/references/api-reference/CLI-HTTP/registeredorchestrators.mdx,STUB,16,false,false,,,
REPO_ONLY,GATEWAYS,,,,,v2/gateways/references/api-reference/CLI-HTTP/reward.mdx,STUB,16,false,false,,,
REPO_ONLY,GATEWAYS,,,,,v2/gateways/references/api-reference/CLI-HTTP/setbroadcastconfig.mdx,STUB,16,false,false,,,
REPO_ONLY,GATEWAYS,,,,,v2/gateways/references/api-reference/CLI-HTTP/setmaxpriceforcapability.mdx,STUB,16,false,false,,,
REPO_ONLY,GATEWAYS,,,,,v2/gateways/references/api-reference/CLI-HTTP/signmessage.mdx,STUB,16,false,false,,,
REPO_ONLY,GATEWAYS,,,,,v2/gateways/references/api-reference/CLI-HTTP/status.mdx,STUB,16,false,false,,,
REPO_ONLY,GATEWAYS,,,,,v2/gateways/references/api-reference/CLI-HTTP/transfertokens.mdx,STUB,16,false,false,,,
REPO_ONLY,GATEWAYS,,,,,v2/gateways/references/api-reference/CLI-HTTP/unbond.mdx,STUB,16,false,false,,,
REPO_ONLY,GATEWAYS,,,,,v2/gateways/references/api-reference/hardware-info.mdx,STUB,15,false,false,,,
REPO_ONLY,GATEWAYS,,,,,v2/gateways/references/api-reference/hardware-stats.mdx,STUB,15,false,false,,,
REPO_ONLY,GATEWAYS,,,,,v2/gateways/references/api-reference/health.mdx,STUB,14,false,false,,,
REPO_ONLY,GATEWAYS,,,,,v2/gateways/references/arbitrum-exchanges.mdx,EXISTS,53,true,true,,,
REPO_ONLY,GATEWAYS,,,,,v2/gateways/references/arbitrum-rpc.mdx,STUB,6,true,true,,,
REPO_ONLY,GATEWAYS,,,,,v2/gateways/references/contract-addresses.mdx,STUB,23,true,true,,,
REPO_ONLY,GATEWAYS,,,,,v2/gateways/references/go-livepeer/cli-reference.mdx,EXISTS,907,true,false,,,
REPO_ONLY,GATEWAYS,,,,,v2/gateways/references/go-livepeer/gpu-support.mdx,EXISTS,300,true,false,,,
REPO_ONLY,GATEWAYS,,,,,v2/gateways/references/livepeer-exchanges.mdx,EXISTS,52,true,true,,,
REPO_ONLY,GATEWAYS,,,,,v2/gateways/references/orchestrator-offerings.mdx,EXISTS,254,true,true,,,
REPO_ONLY,GATEWAYS,,,,,v2/gateways/references/technical-architecture.mdx,STUB,0,true,true,,,
REPO_ONLY,GATEWAYS,,,,,v2/gateways/run-a-gateway/configure/ai-configuration.mdx,EXISTS,500,true,true,,,
REPO_ONLY,GATEWAYS,,,,,v2/gateways/run-a-gateway/configure/configuration-overview.mdx,EXISTS,180,true,true,,,
REPO_ONLY,GATEWAYS,,,,,v2/gateways/run-a-gateway/configure/configuration-reference.mdx,STUB,29,true,true,,,
REPO_ONLY,GATEWAYS,,,,,v2/gateways/run-a-gateway/configure/dual-configuration.mdx,PLACEHOLDER,460,true,true,,,
REPO_ONLY,GATEWAYS,,,,,v2/gateways/run-a-gateway/configure/dual-docker.mdx,EXISTS,268,true,true,,,
REPO_ONLY,GATEWAYS,,,,,v2/gateways/run-a-gateway/configure/pricing-configuration.mdx,EXISTS,585,true,true,,,
REPO_ONLY,GATEWAYS,,,,,v2/gateways/run-a-gateway/configure/video-configuration-view.mdx,EXISTS,128,true,true,banned:just,,
REPO_ONLY,GATEWAYS,,,,,v2/gateways/run-a-gateway/configure/video-configuration.mdx,EXISTS,522,true,true,banned:just,,
REPO_ONLY,GATEWAYS,,,,,v2/gateways/run-a-gateway/connect/connect-with-offerings.mdx,EXISTS,172,true,true,,,
REPO_ONLY,GATEWAYS,,,,,v2/gateways/run-a-gateway/connect/discover-offerings.mdx,EXISTS,131,true,true,,,
REPO_ONLY,GATEWAYS,,,,,v2/gateways/run-a-gateway/gateway-operator-opportunities.mdx,EXISTS,655,true,true,banned:leverage,,
REPO_ONLY,GATEWAYS,,,,,v2/gateways/run-a-gateway/install/community-projects.mdx,PLACEHOLDER,151,true,true,,,
REPO_ONLY,GATEWAYS,,,,,v2/gateways/run-a-gateway/install/docker-install.mdx,EXISTS,727,true,true,deprecated:broadcaster->gateway,,
REPO_ONLY,GATEWAYS,,,,,v2/gateways/run-a-gateway/install/install-overview.mdx,EXISTS,212,true,true,deprecated:broadcaster->gateway,,
REPO_ONLY,GATEWAYS,,,,,v2/gateways/run-a-gateway/install/linux-install.mdx,EXISTS,288,true,true,deprecated:broadcaster->gateway,,
REPO_ONLY,GATEWAYS,,,,,v2/gateways/run-a-gateway/install/windows-install.mdx,PLACEHOLDER,215,true,true,,,
REPO_ONLY,GATEWAYS,,,,,v2/gateways/run-a-gateway/publish/connect-with-offerings.mdx,PLACEHOLDER,337,true,true,,,
REPO_ONLY,GATEWAYS,,,,,v2/gateways/run-a-gateway/requirements/on-chain setup/bridge-lpt-to-arbitrum.mdx,EXISTS,558,true,false,,,
REPO_ONLY,GATEWAYS,,,,,v2/gateways/run-a-gateway/requirements/on-chain setup/fund-gateway.mdx,EXISTS,864,true,true,banned:simply; deprecated:broadcaster->gateway,,
REPO_ONLY,GATEWAYS,,,,,v2/gateways/run-a-gateway/requirements/on-chain setup/on-chain.mdx,EXISTS,1784,true,true,banned:simply; banned:just; deprecated:broadcaster->gateway,,
REPO_ONLY,GATEWAYS,,,,,v2/gateways/run-a-gateway/requirements/setup.mdx,PLACEHOLDER,499,true,true,,,
REPO_ONLY,GATEWAYS,,,,,v2/gateways/run-a-gateway/transcoding.mdx,EXISTS,54,true,true,,,
REPO_ONLY,GATEWAYS,,,,,v2/gateways/run-a-gateway/v1/transcoding-options.mdx,EXISTS,117,true,true,,,
REPO_ONLY,GATEWAYS,,,,,v2/gateways/using-gateways/gateway-providers.mdx,PLACEHOLDER,304,true,true,,,
REPO_ONLY,HOME,,,,,v2/home/about-livepeer/benefits.mdx,EXISTS,525,true,true,banned:just,,
REPO_ONLY,HOME,,,,,v2/home/about-livepeer/evolution.mdx,EXISTS,510,true,true,banned:just; banned:utilize,,
REPO_ONLY,HOME,,,,,v2/home/about-livepeer/roadmap.mdx,EXISTS,68,true,true,,,
REPO_ONLY,HOME,,,,,v2/home/about-livepeer/vision.mdx,EXISTS,383,true,true,,,
REPO_ONLY,HOME,,,,,v2/home/get-started.mdx,EXISTS,54,true,true,banned:just,,
REPO_ONLY,HOME,,,,,v2/home/get-started/ai-pipelines.mdx,STUB,2,true,true,,,
REPO_ONLY,HOME,,,,,v2/home/get-started/stream-video.mdx,STUB,2,true,true,,,
REPO_ONLY,HOME,,,,,v2/home/get-started/use-livepeer.mdx,STUB,2,true,true,,,
REPO_ONLY,HOME,,,,,v2/home/index.mdx,EXISTS,64,true,true,,,
REPO_ONLY,HOME,,,,,v2/home/solutions/applications.mdx,EXISTS,148,true,true,,,
REPO_ONLY,HOME,,,,,v2/home/solutions/landscape.mdx,STUB,45,true,true,,,
REPO_ONLY,HOME,,,,,v2/home/solutions/showcase.mdx,STUB,14,true,true,,,
REPO_ONLY,HOME,,,,,v2/home/solutions/verticals.mdx,EXISTS,1343,true,false,banned:just,,
REPO_ONLY,HOME,,,,,v2/home/trending.mdx,EXISTS,62,true,true,,,
REPO_ONLY,UNASSIGNED,,,,,v2/index.mdx,EXISTS,2819,true,true,,,
REPO_ONLY,INTERNAL,,,,,v2/internal/ally-notes.mdx,EXISTS,527,true,false,,,
REPO_ONLY,INTERNAL,,,,,v2/internal/assets/transcripts/a16z/2026-01-22-inferact-building-the-infrastructure-that-runs-modern-ai.mdx,EXISTS,7774,true,true,banned:simply; banned:just; banned:utilize; banned:leverage,,
REPO_ONLY,INTERNAL,,,,,v2/internal/assets/transcripts/ycomb.mdx,EXISTS,42330,true,true,banned:just; banned:easily; banned:leverage,,
REPO_ONLY,INTERNAL,,,,,v2/internal/definitions.mdx,STUB,12,true,false,,,
REPO_ONLY,INTERNAL,,,,,v2/internal/docs-philosophy.mdx,EXISTS,1091,true,true,banned:just; banned:seamless,,
REPO_ONLY,INTERNAL,,,,,v2/internal/ecosystem.mdx,STUB,18,true,true,,,
REPO_ONLY,INTERNAL,,,,,v2/internal/index.mdx,EXISTS,111,true,true,,,
REPO_ONLY,INTERNAL,,,,,v2/internal/internal-overview.mdx,EXISTS,71,true,true,,,
REPO_ONLY,INTERNAL,,,,,v2/internal/layout-components-scripts-styling/components.mdx,STUB,32,true,false,,,
REPO_ONLY,INTERNAL,,,,,v2/internal/layout-components-scripts-styling/pages.mdx,EXISTS,88,true,false,,,
REPO_ONLY,INTERNAL,,,,,v2/internal/overview/about.mdx,EXISTS,126,true,true,,,
REPO_ONLY,INTERNAL,,,,,v2/internal/overview/docs-philosophy.mdx,EXISTS,933,true,true,banned:just; banned:seamless,,
REPO_ONLY,INTERNAL,,,,,v2/internal/overview/governance.mdx,PLACEHOLDER,1235,true,true,,,
REPO_ONLY,INTERNAL,,,,,v2/internal/overview/personas.mdx,EXISTS,248,true,true,,,
REPO_ONLY,INTERNAL,,,,,v2/internal/overview/strategic-alignment.mdx,EXISTS,212,true,true,,,
REPO_ONLY,INTERNAL,,,,,v2/internal/references.mdx,STUB,8,true,true,,,
REPO_ONLY,INTERNAL,,,,,v2/internal/rfp/aims.mdx,PLACEHOLDER,3668,true,true,banned:just; deprecated:broadcaster->gateway,,
REPO_ONLY,INTERNAL,,,,,v2/internal/rfp/deliverables.mdx,STUB,21,true,true,,,
REPO_ONLY,INTERNAL,,,,,v2/internal/rfp/outcomes.mdx,STUB,21,true,true,,,
REPO_ONLY,INTERNAL,,,,,v2/internal/rfp/problem-statements.mdx,PLACEHOLDER,2722,true,true,banned:just,,
REPO_ONLY,INTERNAL,,,,,v2/internal/rfp/report.mdx,EXISTS,475,true,true,banned:just; banned:easily,,
REPO_ONLY,LP TOKEN,,,,,v2/lpt/about/mechanics.mdx,EXISTS,382,true,true,,,
REPO_ONLY,LP TOKEN,,,,,v2/lpt/about/overview.mdx,EXISTS,472,true,true,,,
REPO_ONLY,LP TOKEN,,,,,v2/lpt/about/purpose.mdx,EXISTS,1288,true,true,banned:leverage; deprecated:broadcaster->gateway,,
REPO_ONLY,LP TOKEN,,,,,v2/lpt/about/tokenomics.mdx,EXISTS,403,true,true,,,
REPO_ONLY,LP TOKEN,,,,,v2/lpt/governance/model.mdx,EXISTS,703,true,true,,,
REPO_ONLY,LP TOKEN,,,,,v2/lpt/governance/processes.mdx,EXISTS,951,true,true,,,
REPO_ONLY,LP TOKEN,,,,,v2/lpt/index.mdx,EXISTS,68,true,true,,,
REPO_ONLY,LP TOKEN,,,,,v2/lpt/resources/delegator-videos-and-blogs.mdx,EXISTS,285,true,true,,,
REPO_ONLY,LP TOKEN,,,,,v2/lpt/resources/lpt-eth-usage.mdx,EXISTS,144,true,true,,,
REPO_ONLY,LP TOKEN,,,,,v2/lpt/treasury/allocations.mdx,EXISTS,503,true,true,banned:simply,,
REPO_ONLY,LP TOKEN,,,,,v2/lpt/treasury/proposals.mdx,EXISTS,600,true,true,,,
REPO_ONLY,GPU NODES,,,,,v2/orchestrators/_context_data_/orchestrators-gateways-implementation-plan.mdx,PLACEHOLDER,1695,true,true,,,
REPO_ONLY,GPU NODES,,,,,v2/orchestrators/about-orchestrators/architecture.mdx,STUB,44,true,false,,,
REPO_ONLY,GPU NODES,,,,,v2/orchestrators/about-orchestrators/job-types.mdx,PLACEHOLDER,138,true,true,,,
REPO_ONLY,GPU NODES,,,,,v2/orchestrators/about-orchestrators/orchestrator-functions.mdx,EXISTS,304,true,false,,,
REPO_ONLY,GPU NODES,,,,,v2/orchestrators/about-orchestrators/random.mdx,STUB,17,false,false,,,
REPO_ONLY,GPU NODES,,,,,v2/orchestrators/advanced-setup/delegation.mdx,EXISTS,145,true,true,,,
REPO_ONLY,GPU NODES,,,,,v2/orchestrators/advanced-setup/rewards-and-fees.mdx,EXISTS,187,true,true,deprecated:broadcaster->gateway,,
REPO_ONLY,GPU NODES,,,,,v2/orchestrators/advanced-setup/run-a-pool.mdx,EXISTS,192,true,true,,,
REPO_ONLY,GPU NODES,,,,,v2/orchestrators/advanced-setup/staking-LPT.mdx,EXISTS,184,true,true,,,
REPO_ONLY,GPU NODES,,,,,v2/orchestrators/index.mdx,EXISTS,106,true,true,,,
REPO_ONLY,GPU NODES,,,,,v2/orchestrators/orchestrator-journey.mdx,EXISTS,434,true,true,banned:just,,
REPO_ONLY,GPU NODES,,,,,v2/orchestrators/orchestrator-tools-and-resources/community-pools.mdx,EXISTS,67,true,false,,,
REPO_ONLY,GPU NODES,,,,,v2/orchestrators/orchestrator-tools-and-resources/orchestrator-community-and-help.mdx,STUB,5,false,false,,,
REPO_ONLY,GPU NODES,,,,,v2/orchestrators/orchestrator-tools-and-resources/orchestrator-guides.mdx,STUB,0,false,false,,,
REPO_ONLY,GPU NODES,,,,,v2/orchestrators/orchestrator-tools-and-resources/orchestrator-resources.mdx,STUB,3,false,false,,,
REPO_ONLY,GPU NODES,,,,,v2/orchestrators/orchestrator-tools-and-resources/orchestrator-tools.mdx,STUB,33,true,false,,,
REPO_ONLY,GPU NODES,,,,,v2/orchestrators/payments/index.mdx,STUB,26,true,true,,,
REPO_ONLY,GPU NODES,,,,,v2/orchestrators/quickstart/batch-ai-quickstart.mdx,STUB,33,true,true,,,
REPO_ONLY,GPU NODES,,,,,v2/orchestrators/quickstart/overview.mdx,EXISTS,52,true,false,,,
REPO_ONLY,GPU NODES,,,,,v2/orchestrators/quickstart/realtime-ai-quickstart.mdx,STUB,31,true,true,,,
REPO_ONLY,GPU NODES,,,,,v2/orchestrators/setting-up-an-orchestrator/connect-to-arbitrum.mdx,EXISTS,66,true,true,,,
REPO_ONLY,GPU NODES,,,,,v2/orchestrators/setting-up-an-orchestrator/data-centre-setup.mdx,STUB,4,false,false,,,
REPO_ONLY,GPU NODES,,,,,v2/orchestrators/setting-up-an-orchestrator/data-centres-and-large-scale-hardware-providers.mdx,STUB,8,false,false,,,
REPO_ONLY,GPU NODES,,,,,v2/orchestrators/setting-up-an-orchestrator/enterprise-and-data-centres.mdx,STUB,5,false,false,,,
REPO_ONLY,GPU NODES,,,,,v2/orchestrators/setting-up-an-orchestrator/install-go-livepeer.mdx,EXISTS,285,true,true,,,
REPO_ONLY,GPU NODES,,,,,v2/orchestrators/setting-up-an-orchestrator/orch-config.mdx,STUB,28,true,true,,,
REPO_ONLY,GPU NODES,,,,,v2/orchestrators/setting-up-an-orchestrator/orchestrator-stats.mdx,EXISTS,199,true,true,,,
REPO_ONLY,GPU NODES,,,,,v2/orchestrators/setting-up-an-orchestrator/overview.mdx,EXISTS,60,true,true,,,
REPO_ONLY,GPU NODES,,,,,v2/orchestrators/setting-up-an-orchestrator/publish-offerings.mdx,PLACEHOLDER,77,true,true,,,
REPO_ONLY,GPU NODES,,,,,v2/orchestrators/setting-up-an-orchestrator/setting-up-an-orchestrator/quickstart-add-your-gpu-to-livepeer.mdx,EXISTS,229,true,true,,,
REPO_ONLY,UNASSIGNED,,,,,v2/README.mdx,PLACEHOLDER,1029,false,false,banned:simply; banned:just,,
REPO_ONLY,RESOURCE HUB,,,,,v2/resources/changelog/migration-guide.mdx,STUB,0,false,false,,,
REPO_ONLY,RESOURCE HUB,,,,,v2/resources/concepts/brief-history-of-video.mdx,PLACEHOLDER,102,true,false,,,
REPO_ONLY,RESOURCE HUB,,,,,v2/resources/concepts/livepeer-101.mdx,EXISTS,83,false,false,,,
REPO_ONLY,RESOURCE HUB,,,,,v2/resources/documentation-guide/authoring-standard.mdx,PLACEHOLDER,992,true,true,,,
REPO_ONLY,RESOURCE HUB,,,,,v2/resources/documentation-guide/automations-workflows.mdx,EXISTS,3726,true,true,,,
REPO_ONLY,RESOURCE HUB,,,,,v2/resources/documentation-guide/component-library/component-library.mdx,PLACEHOLDER,3543,true,true,,,
REPO_ONLY,RESOURCE HUB,,,,,v2/resources/documentation-guide/component-library/content.mdx,EXISTS,1363,true,true,,,
REPO_ONLY,RESOURCE HUB,,,,,v2/resources/documentation-guide/component-library/display.mdx,EXISTS,1988,true,true,,,
REPO_ONLY,RESOURCE HUB,,,,,v2/resources/documentation-guide/component-library/domain.mdx,STUB,48,true,true,,,
REPO_ONLY,RESOURCE HUB,,,,,v2/resources/documentation-guide/component-library/integrations.mdx,EXISTS,145,true,true,,,
REPO_ONLY,RESOURCE HUB,,,,,v2/resources/documentation-guide/component-library/layout.mdx,EXISTS,787,true,true,,,
REPO_ONLY,RESOURCE HUB,,,,,v2/resources/documentation-guide/component-library/overview.mdx,PLACEHOLDER,916,true,true,,,
REPO_ONLY,RESOURCE HUB,,,,,v2/resources/documentation-guide/component-library/primitives.mdx,EXISTS,1949,true,true,,,
REPO_ONLY,RESOURCE HUB,,,,,v2/resources/documentation-guide/docs-features-and-ai-integrations.mdx,EXISTS,1078,true,true,banned:just; banned:easily,,
REPO_ONLY,RESOURCE HUB,,,,,v2/resources/documentation-guide/documentation-overview.mdx,EXISTS,429,true,true,,,
REPO_ONLY,RESOURCE HUB,,,,,v2/resources/index.mdx,EXISTS,81,true,true,,,
REPO_ONLY,RESOURCE HUB,,,,,v2/resources/lpt/delegator-dashboard.mdx,STUB,6,false,false,,,
REPO_ONLY,RESOURCE HUB,,,,,v2/resources/media-kit.mdx,STUB,30,true,true,,,
REPO_ONLY,RESOURCE HUB,,,,,v2/resources/references/contract-addresses.mdx,PLACEHOLDER,341,true,false,,,
REPO_ONLY,RESOURCE HUB,,,,,v2/resources/resources/videos.mdx,EXISTS,68,false,false,deprecated:broadcaster->gateway,,
REPO_ONLY,SOLUTIONS,,,,,v2/solutions/daydream/overview1.mdx,EXISTS,278,true,true,,,
REPO_ONLY,SOLUTIONS,,,,,v2/solutions/embody/overview.mdx,STUB,11,true,true,,,
REPO_ONLY,SOLUTIONS,,,,,v2/solutions/frameworks/overview.mdx,EXISTS,127,true,true,,,
REPO_ONLY,SOLUTIONS,,,,,v2/solutions/frameworks/overview1.mdx,EXISTS,249,true,true,,,
REPO_ONLY,SOLUTIONS,,,,,v2/solutions/frameworks/quickstart.mdx,EXISTS,253,true,true,,,
REPO_ONLY,SOLUTIONS,,,,,v2/solutions/index.mdx,EXISTS,222,true,true,,,
REPO_ONLY,SOLUTIONS,,,,,v2/solutions/livepeer-studio/access-control/jwt.mdx,EXISTS,159,true,true,,,
REPO_ONLY,SOLUTIONS,,,,,v2/solutions/livepeer-studio/access-control/overview.mdx,EXISTS,89,true,true,,,
REPO_ONLY,SOLUTIONS,,,,,v2/solutions/livepeer-studio/access-control/webhooks.mdx,EXISTS,154,true,true,,,
REPO_ONLY,SOLUTIONS,,,,,v2/solutions/livepeer-studio/analytics/listen-to-events.mdx,EXISTS,245,true,true,,,
REPO_ONLY,SOLUTIONS,,,,,v2/solutions/livepeer-studio/analytics/overview.mdx,EXISTS,171,true,true,,,
REPO_ONLY,SOLUTIONS,,,,,v2/solutions/livepeer-studio/analytics/webhooks.mdx,EXISTS,210,true,true,,,
REPO_ONLY,SOLUTIONS,,,,,v2/solutions/livepeer-studio/api-reference/assets/delete.mdx,STUB,3,true,true,,,
REPO_ONLY,SOLUTIONS,,,,,v2/solutions/livepeer-studio/api-reference/assets/get-all.mdx,STUB,4,true,true,,,
REPO_ONLY,SOLUTIONS,,,,,v2/solutions/livepeer-studio/api-reference/assets/get.mdx,STUB,4,true,true,,,
REPO_ONLY,SOLUTIONS,,,,,v2/solutions/livepeer-studio/api-reference/assets/overview.mdx,EXISTS,180,true,true,,,
REPO_ONLY,SOLUTIONS,,,,,v2/solutions/livepeer-studio/api-reference/assets/update.mdx,STUB,3,true,true,,,
REPO_ONLY,SOLUTIONS,,,,,v2/solutions/livepeer-studio/api-reference/assets/upload-via-url.mdx,STUB,5,true,true,,,
REPO_ONLY,SOLUTIONS,,,,,v2/solutions/livepeer-studio/api-reference/assets/upload.mdx,STUB,4,true,true,,,
REPO_ONLY,SOLUTIONS,,,,,v2/solutions/livepeer-studio/api-reference/multistream/create.mdx,STUB,4,true,true,,,
REPO_ONLY,SOLUTIONS,,,,,v2/solutions/livepeer-studio/api-reference/multistream/delete.mdx,STUB,4,true,true,,,
REPO_ONLY,SOLUTIONS,,,,,v2/solutions/livepeer-studio/api-reference/multistream/get-all.mdx,STUB,5,true,true,,,
REPO_ONLY,SOLUTIONS,,,,,v2/solutions/livepeer-studio/api-reference/multistream/get.mdx,STUB,4,true,true,,,
REPO_ONLY,SOLUTIONS,,,,,v2/solutions/livepeer-studio/api-reference/multistream/overview.mdx,STUB,12,true,true,,,
REPO_ONLY,SOLUTIONS,,,,,v2/solutions/livepeer-studio/api-reference/multistream/update.mdx,STUB,4,true,true,,,
REPO_ONLY,SOLUTIONS,,,,,v2/solutions/livepeer-studio/api-reference/playback/get.mdx,STUB,4,true,true,,,
REPO_ONLY,SOLUTIONS,,,,,v2/solutions/livepeer-studio/api-reference/playback/overview.mdx,EXISTS,84,true,true,,,
REPO_ONLY,SOLUTIONS,,,,,v2/solutions/livepeer-studio/api-reference/rooms/create-user.mdx,STUB,4,true,true,,,
REPO_ONLY,SOLUTIONS,,,,,v2/solutions/livepeer-studio/api-reference/rooms/create.mdx,STUB,3,true,true,,,
REPO_ONLY,SOLUTIONS,,,,,v2/solutions/livepeer-studio/api-reference/rooms/delete.mdx,STUB,3,true,true,,,
REPO_ONLY,SOLUTIONS,,,,,v2/solutions/livepeer-studio/api-reference/rooms/get-user.mdx,STUB,4,true,true,,,
REPO_ONLY,SOLUTIONS,,,,,v2/solutions/livepeer-studio/api-reference/rooms/get.mdx,STUB,3,true,true,,,
REPO_ONLY,SOLUTIONS,,,,,v2/solutions/livepeer-studio/api-reference/rooms/overview.mdx,STUB,12,true,true,,,
REPO_ONLY,SOLUTIONS,,,,,v2/solutions/livepeer-studio/api-reference/rooms/remove-user.mdx,STUB,4,true,true,,,
REPO_ONLY,SOLUTIONS,,,,,v2/solutions/livepeer-studio/api-reference/rooms/start-egress.mdx,STUB,4,true,true,,,
REPO_ONLY,SOLUTIONS,,,,,v2/solutions/livepeer-studio/api-reference/rooms/stop-egress.mdx,STUB,4,true,true,,,
REPO_ONLY,SOLUTIONS,,,,,v2/solutions/livepeer-studio/api-reference/rooms/update-user.mdx,STUB,4,true,true,,,
REPO_ONLY,SOLUTIONS,,,,,v2/solutions/livepeer-studio/api-reference/sessions/get-all.mdx,STUB,4,true,true,,,
REPO_ONLY,SOLUTIONS,,,,,v2/solutions/livepeer-studio/api-reference/sessions/get-clip.mdx,STUB,4,true,true,,,
REPO_ONLY,SOLUTIONS,,,,,v2/solutions/livepeer-studio/api-reference/sessions/get.mdx,STUB,3,true,true,,,
REPO_ONLY,SOLUTIONS,,,,,v2/solutions/livepeer-studio/api-reference/sessions/overview.mdx,STUB,12,true,true,,,
REPO_ONLY,SOLUTIONS,,,,,v2/solutions/livepeer-studio/api-reference/signing-keys/create.mdx,STUB,4,true,true,,,
REPO_ONLY,SOLUTIONS,,,,,v2/solutions/livepeer-studio/api-reference/signing-keys/delete.mdx,STUB,4,true,true,,,
REPO_ONLY,SOLUTIONS,,,,,v2/solutions/livepeer-studio/api-reference/signing-keys/get-all.mdx,STUB,5,true,true,,,
REPO_ONLY,SOLUTIONS,,,,,v2/solutions/livepeer-studio/api-reference/signing-keys/get.mdx,STUB,4,true,true,,,
REPO_ONLY,SOLUTIONS,,,,,v2/solutions/livepeer-studio/api-reference/signing-keys/overview.mdx,STUB,17,true,true,,,
REPO_ONLY,SOLUTIONS,,,,,v2/solutions/livepeer-studio/api-reference/signing-keys/update.mdx,STUB,4,true,true,,,
REPO_ONLY,SOLUTIONS,,,,,v2/solutions/livepeer-studio/api-reference/streams/add-multistream-target.mdx,STUB,4,true,true,,,
REPO_ONLY,SOLUTIONS,,,,,v2/solutions/livepeer-studio/api-reference/streams/create-clip.mdx,STUB,3,true,true,,,
REPO_ONLY,SOLUTIONS,,,,,v2/solutions/livepeer-studio/api-reference/streams/create.mdx,STUB,4,true,true,,,
REPO_ONLY,SOLUTIONS,,,,,v2/solutions/livepeer-studio/api-reference/streams/delete-multistream-target.mdx,STUB,4,true,true,,,
REPO_ONLY,SOLUTIONS,,,,,v2/solutions/livepeer-studio/api-reference/streams/delete.mdx,STUB,3,true,true,,,
REPO_ONLY,SOLUTIONS,,,,,v2/solutions/livepeer-studio/api-reference/streams/get-all.mdx,STUB,4,true,true,,,
REPO_ONLY,SOLUTIONS,,,,,v2/solutions/livepeer-studio/api-reference/streams/get-clip.mdx,STUB,3,true,true,,,
REPO_ONLY,SOLUTIONS,,,,,v2/solutions/livepeer-studio/api-reference/streams/get.mdx,STUB,4,true,true,,,
REPO_ONLY,SOLUTIONS,,,,,v2/solutions/livepeer-studio/api-reference/streams/overview.mdx,EXISTS,207,true,true,,,
REPO_ONLY,SOLUTIONS,,,,,v2/solutions/livepeer-studio/api-reference/streams/terminate.mdx,STUB,3,true,true,,,
REPO_ONLY,SOLUTIONS,,,,,v2/solutions/livepeer-studio/api-reference/streams/update.mdx,STUB,3,true,true,,,
REPO_ONLY,SOLUTIONS,,,,,v2/solutions/livepeer-studio/api-reference/tasks/get-all.mdx,STUB,4,true,true,,,
REPO_ONLY,SOLUTIONS,,,,,v2/solutions/livepeer-studio/api-reference/tasks/get.mdx,STUB,3,true,true,,,
REPO_ONLY,SOLUTIONS,,,,,v2/solutions/livepeer-studio/api-reference/tasks/overview.mdx,STUB,12,true,true,,,
REPO_ONLY,SOLUTIONS,,,,,v2/solutions/livepeer-studio/api-reference/transcode/create.mdx,STUB,4,true,true,,,
REPO_ONLY,SOLUTIONS,,,,,v2/solutions/livepeer-studio/api-reference/transcode/overview.mdx,STUB,12,true,true,,,
REPO_ONLY,SOLUTIONS,,,,,v2/solutions/livepeer-studio/api-reference/viewership/get-creators-metrics.mdx,STUB,4,true,true,,,
REPO_ONLY,SOLUTIONS,,,,,v2/solutions/livepeer-studio/api-reference/viewership/get-public-total-views.mdx,STUB,5,true,true,,,
REPO_ONLY,SOLUTIONS,,,,,v2/solutions/livepeer-studio/api-reference/viewership/get-realtime-viewership.mdx,STUB,4,true,true,,,
REPO_ONLY,SOLUTIONS,,,,,v2/solutions/livepeer-studio/api-reference/viewership/get-usage-metrics.mdx,STUB,4,true,true,,,
REPO_ONLY,SOLUTIONS,,,,,v2/solutions/livepeer-studio/api-reference/viewership/get-viewership-metrics.mdx,STUB,4,true,true,,,
REPO_ONLY,SOLUTIONS,,,,,v2/solutions/livepeer-studio/api-reference/viewership/overview.mdx,STUB,10,true,true,,,
REPO_ONLY,SOLUTIONS,,,,,v2/solutions/livepeer-studio/api-reference/webhooks/create.mdx,STUB,3,true,true,,,
REPO_ONLY,SOLUTIONS,,,,,v2/solutions/livepeer-studio/api-reference/webhooks/delete.mdx,STUB,3,true,true,,,
REPO_ONLY,SOLUTIONS,,,,,v2/solutions/livepeer-studio/api-reference/webhooks/get-all.mdx,STUB,4,true,true,,,
REPO_ONLY,SOLUTIONS,,,,,v2/solutions/livepeer-studio/api-reference/webhooks/get.mdx,STUB,3,true,true,,,
REPO_ONLY,SOLUTIONS,,,,,v2/solutions/livepeer-studio/api-reference/webhooks/overview.mdx,STUB,12,true,true,,,
REPO_ONLY,SOLUTIONS,,,,,v2/solutions/livepeer-studio/api-reference/webhooks/update.mdx,STUB,3,true,true,,,
REPO_ONLY,SOLUTIONS,,,,,v2/solutions/livepeer-studio/client-use-cases.mdx,EXISTS,184,true,false,,,
REPO_ONLY,SOLUTIONS,,,,,v2/solutions/livepeer-studio/get-started/authentication.mdx,EXISTS,365,true,true,,,
REPO_ONLY,SOLUTIONS,,,,,v2/solutions/livepeer-studio/get-started/overview.mdx,EXISTS,114,true,true,,,
REPO_ONLY,SOLUTIONS,,,,,v2/solutions/livepeer-studio/get-started/studio-cli.mdx,EXISTS,100,true,true,,,
REPO_ONLY,SOLUTIONS,,,,,v2/solutions/livepeer-studio/livepeer-studio.mdx,STUB,23,true,true,,,
REPO_ONLY,SOLUTIONS,,,,,v2/solutions/livepeer-studio/livestream/clip-livestream.mdx,EXISTS,316,true,true,,,
REPO_ONLY,SOLUTIONS,,,,,v2/solutions/livepeer-studio/livestream/create-livestream.mdx,EXISTS,140,true,true,deprecated:broadcaster->gateway,,
REPO_ONLY,SOLUTIONS,,,,,v2/solutions/livepeer-studio/livestream/livestream-from-browser.mdx,EXISTS,176,true,true,,,
REPO_ONLY,SOLUTIONS,,,,,v2/solutions/livepeer-studio/livestream/multistream.mdx,EXISTS,154,true,true,,,
REPO_ONLY,SOLUTIONS,,,,,v2/solutions/livepeer-studio/livestream/optimize-latency.mdx,EXISTS,347,true,true,,,
REPO_ONLY,SOLUTIONS,,,,,v2/solutions/livepeer-studio/livestream/overview.mdx,EXISTS,355,true,true,,,
REPO_ONLY,SOLUTIONS,,,,,v2/solutions/livepeer-studio/livestream/playback-livestream.mdx,EXISTS,216,true,true,,,
REPO_ONLY,SOLUTIONS,,,,,v2/solutions/livepeer-studio/livestream/stream-health.mdx,EXISTS,345,true,true,deprecated:broadcaster->gateway,,
REPO_ONLY,SOLUTIONS,,,,,v2/solutions/livepeer-studio/livestream/stream-via-obs.mdx,EXISTS,158,true,true,deprecated:broadcaster->gateway,,
REPO_ONLY,SOLUTIONS,,,,,v2/solutions/livepeer-studio/player.mdx,EXISTS,199,true,true,,,
REPO_ONLY,SOLUTIONS,,,,,v2/solutions/livepeer-studio/reference/api.mdx,EXISTS,133,true,true,,,
REPO_ONLY,SOLUTIONS,,,,,v2/solutions/livepeer-studio/reference/managing-projects.mdx,EXISTS,159,true,true,,,
REPO_ONLY,SOLUTIONS,,,,,v2/solutions/livepeer-studio/video-on-demand/encrypted-assets.mdx,EXISTS,121,true,true,,,
REPO_ONLY,SOLUTIONS,,,,,v2/solutions/livepeer-studio/video-on-demand/overview.mdx,EXISTS,162,true,true,,,
REPO_ONLY,SOLUTIONS,,,,,v2/solutions/livepeer-studio/video-on-demand/playback-asset.mdx,EXISTS,75,true,true,,,
REPO_ONLY,SOLUTIONS,,,,,v2/solutions/livepeer-studio/video-on-demand/thumbnails-vod.mdx,EXISTS,200,true,true,,,
REPO_ONLY,SOLUTIONS,,,,,v2/solutions/livepeer-studio/video-on-demand/transcode-video.mdx,EXISTS,220,true,true,,,
REPO_ONLY,SOLUTIONS,,,,,v2/solutions/livepeer-studio/video-on-demand/upload-asset.mdx,EXISTS,83,true,true,,,
REPO_ONLY,SOLUTIONS,,,,,v2/solutions/product-hub.mdx,EXISTS,432,true,true,banned:easily,,
REPO_ONLY,SOLUTIONS,,,,,v2/solutions/solution-providers.mdx,STUB,25,true,true,,,
REPO_ONLY,SOLUTIONS,,,,,v2/solutions/streamplace/introduction/streamplace-architecture.mdx,EXISTS,399,true,true,deprecated:broadcaster->gateway,,
REPO_ONLY,SOLUTIONS,,,,,v2/solutions/streamplace/introduction/streamplace-funding-model.mdx,EXISTS,283,true,true,,,
REPO_ONLY,SOLUTIONS,,,,,v2/solutions/streamplace/introduction/streamplace-guide.mdx,EXISTS,229,true,true,deprecated:broadcaster->gateway,,
REPO_ONLY,SOLUTIONS,,,,,v2/solutions/streamplace/introduction/streamplace-integration.mdx,EXISTS,270,true,true,banned:seamless; deprecated:broadcaster->gateway,,
REPO_ONLY,SOLUTIONS,,,,,v2/solutions/streamplace/introduction/streamplace-provenance.mdx,EXISTS,385,true,true,,,
REPO_ONLY,SOLUTIONS,,,,,v2/solutions/streamplace/overview.mdx,EXISTS,215,true,true,,,
REPO_ONLY,UNASSIGNED,,,,,v2/todo.mdx,PLACEHOLDER,387,false,false,,,
